AssetID,Value,DateTime
8319,34,57:31.0
8319,42,00:27.0
8319,38,43:36.0
8319,46,41:46.0
8319,48,54:13.0
8319,43,28:37.0
8319,37,37:01.0
8319,41,54:31.0
8319,43,34:37.0
8319,45,08:52.0
8319,44,38:31.0
8319,48,41:53.0
8319,44,39:39.0
8319,40,30:41.0
8319,46,33:13.0
8319,40,48:46.0
8319,49,42:42.0
8319,48,31:11.0
8319,44,42:50.0
8319,40,38:36.0
8319,46,48:49.0
8319,42,26:11.0
8319,47,48:14.0
8319,44,42:02.0
8319,39,13:42.0
8319,48,14:14.0
8319,48,51:15.0
8319,43,28:51.0
8319,38,31:25.0
8319,46,48:16.0
8319,40,12:46.0
8319,45,10:42.0
8319,47.5,37:12.0
8319,40,05:05.0
8319,46,22:09.0
8319,49,36:45.0
8319,46,17:39.0
8319,41,40:39.0
8319,45,11:14.0
8319,46.5,49:53.0
8319,42,52:02.0
8319,46,57:17.0
8319,41,52:16.0
8319,49,29:43.0
8319,45,29:06.0
8319,38,15:04.0
8319,48,35:15.0
8319,49,07:39.0
8319,46,29:42.0
8319,39,34:09.0
8319,45,29:58.0
8319,48,46:25.0
8319,45,09:56.0
8319,47,13:45.0
8319,46,47:41.0
8319,44,27:39.0
8319,37.5,14:51.0
8319,46,22:21.0
8319,48,24:52.0
8319,45,36:00.0
8319,42,01:21.0
8319,49,08:39.0
8319,40,16:45.0
8319,49,37:25.0
8319,43,35:21.0
8319,40,30:15.0
8319,49,57:30.0
8319,46,20:41.0
8319,44,47:36.0
8319,40,10:22.0
8319,40,53:53.0
8319,45,40:36.0
8319,49,46:22.0
8319,45,40:31.0
8319,47,24:59.0
8319,45,45:02.0
8319,40,11:55.0
8319,46,16:05.0
8319,48,56:57.0
8319,45,20:06.0
8319,41,36:12.0
8319,47,41:12.0
8319,43,51:32.0
8319,46,35:53.0
8319,43,21:33.0
8319,48,42:35.0
8319,43,06:22.0
8319,41,31:13.0
8319,46,19:18.0
8319,44,06:59.0
8319,42,09:18.0
8319,43,39:26.0
8319,40,45:37.0
8319,38,52:55.0
8319,39,00:21.0
8319,46,52:43.0
8319,45,53:17.0
8319,44,10:00.0
8319,42,30:29.0
8319,47,33:30.0
8319,47,58:35.0
8319,45,45:00.0
8319,41,42:58.0
8319,48,13:10.0
8319,46,30:27.0
8319,48,26:08.0
8319,45,28:49.0
8319,50,59:06.0
8319,46,07:57.0
8319,40,57:18.0
8319,50,59:59.0
8319,46,00:01.0
8319,44,45:18.0
8319,40,40:32.0
8319,48,41:46.0
8319,40,09:16.0
8319,44,23:39.0
8319,44,25:58.0
8319,42,08:25.0
8319,42,22:58.0
8319,44,54:19.0
8319,44,46:26.0
8319,41,11:14.0
8319,42,27:15.0
8319,48,23:02.0
8319,43,50:12.0
8319,47,07:42.0
8319,45,43:38.0
8319,41,54:59.0
8319,48,51:02.0
8319,36,36:33.0
8319,36,52:47.0
8319,37,13:14.0
8319,41,15:02.0
8319,41,36:41.0
8319,46,27:33.0
8319,41.5,41:09.0
8319,40,48:20.0
8319,46,09:17.0
8319,42,01:55.0
8319,50,00:19.0
8319,48,18:15.0
8319,47,50:57.0
8319,44,53:47.0
8319,46,49:00.0
8319,47,28:01.0
8319,43,18:54.0
8319,50,58:53.0
8319,45,35:46.0
8319,45,13:35.0
8319,50,53:22.0
8319,43,01:03.0
8319,46,34:00.0
8319,49,27:21.0
8319,44,20:24.0
8319,41,40:09.0
8319,48,59:59.0
8319,48,35:25.0
8319,44,35:35.0
8319,41,01:24.0
8319,47,01:45.0
8319,40,36:25.0
8319,45,31:36.0
8319,48,34:55.0
8319,44,50:01.0
8319,40,31:31.0
8319,45,20:06.0
8319,50,55:21.0
8319,47,58:31.0
8319,44,32:31.0
8319,49,52:08.0
8319,48,42:12.0
8319,45,38:02.0
8319,42,17:36.0
8319,49,11:53.0
8319,47,58:54.0
8319,45,13:10.0
8319,42.5,50:25.0
8319,46,33:40.0
8319,50,25:58.0
8319,46,11:04.0
8319,42,35:15.0
8319,46,06:54.0
8319,47.5,25:42.0
8319,45,44:32.0
8319,42,58:13.0
8319,41,04:21.0
8319,47,43:35.0
8319,47,21:46.0
8319,44,35:37.0
8319,43,07:15.0
8319,48,32:34.0
8319,47,27:23.0
8319,45,38:24.0
8319,43,28:45.0
8319,46,27:34.0
8319,41,25:36.0
8319,45,40:11.0
8319,41.5,36:15.0
8319,46,32:35.0
8319,48,55:28.0
8319,42,43:39.0
8319,48,50:51.0
8319,48,22:40.0
8319,43.5,19:40.0
8319,48,45:50.0
8319,48,31:15.0
8319,41,04:03.0
8319,45,31:52.0
8319,47,33:14.0
8319,45,01:26.0
8319,39.5,37:16.0
8319,47,07:21.0
8319,48,15:28.0
8319,45,43:17.0
8319,48,51:24.0
8319,45,15:23.0
8319,41,17:01.0
8319,49,13:48.0
8319,48,08:31.0
8319,45,09:16.0
8319,46,57:07.0
8319,41,36:38.0
8319,47,51:17.0
8319,45,36:08.0
8319,40,30:40.0
8319,44,26:06.0
8319,49,40:28.0
8319,48,37:52.0
8319,44,27:24.0
8319,38,16:43.0
8319,44,03:59.0
8319,44,21:40.0
8319,40,54:13.0
8319,44,22:51.0
8319,42,26:38.0
8319,39,17:54.0
8319,47,47:37.0
8319,44,40:13.0
8319,39,30:50.0
8319,39,00:45.0
8319,47,14:22.0
8319,45,33:37.0
8319,41,51:52.0
8319,40,07:40.0
8319,44,37:25.0
8319,47,28:19.0
8319,40,59:02.0
8319,48,14:14.0
8319,39,56:40.0
8319,41,24:56.0
8319,39,15:04.0
8319,44,06:28.0
8319,44,28:02.0
8319,42.5,15:24.0
8319,46,40:11.0
8319,44,37:26.0
8319,39,04:43.0
8319,44,06:21.0
8319,40,32:51.0
8319,44,24:26.0
8319,47,16:35.0
8319,44,50:42.0
8319,40,52:42.0
8319,46,55:35.0
8319,48.5,33:07.0
8319,45,18:09.0
8319,44,41:56.0
8319,40,08:58.0
8319,46,59:04.0
8319,48,30:34.0
8319,42,07:00.0
8319,44,02:55.0
8319,48,26:59.0
8319,40,47:34.0
8319,45,11:35.0
8319,47,33:49.0
8319,43,19:05.0
8319,46,19:12.0
8319,44,44:08.0
8319,39,30:16.0
8319,42,19:23.0
8319,43,41:24.0
8319,44,35:30.0
8319,46,30:20.0
8319,44,36:32.0
8319,40,59:09.0
8319,41,13:14.0
8319,48,32:59.0
8319,44,39:58.0
8319,43,38:56.0
8319,39,03:21.0
8319,46,16:29.0
8319,46,52:44.0
8319,45,41:11.0
8319,46,41:54.0
8319,44,17:11.0
8319,40,07:47.0
8319,48,17:49.0
8319,46,06:29.0
8319,44,48:14.0
8319,40,20:19.0
8319,47,43:48.0
8319,46,26:20.0
8319,41,45:23.0
8319,46,25:37.0
8319,43,17:16.0
8319,38,21:09.0
8319,45,49:49.0
8319,47,28:39.0
8319,44,59:59.0
8319,40,59:37.0
8319,46,42:27.0
8319,42,32:12.0
8319,44,41:59.0
8319,42,22:02.0
8319,40,41:41.0
8319,43,44:13.0
8319,40,15:00.0
8319,45,21:25.0
8319,38,24:58.0
8319,44,58:23.0
8319,48,02:35.0
8319,44,42:58.0
8319,38,00:47.0
8319,44,58:11.0
8319,45,32:07.0
8319,41,02:45.0
8319,37,04:51.0
8319,44,54:34.0
8319,46,29:53.0
8319,42,25:24.0
8319,38,04:15.0
8319,46,20:50.0
8319,44,38:32.0
8319,41,54:23.0
8319,37,39:36.0
8319,41,36:20.0
8319,36.5,33:15.0
8319,42,19:36.0
8319,40,22:40.0
8319,38,18:45.0
8319,35,34:27.0
8319,43,11:29.0
8319,43,04:17.0
8319,38,06:56.0
8319,36,06:03.0
8319,42,29:16.0
8319,34,46:13.0
8319,48,20:18.0
8319,49,10:36.0
8319,46,40:21.0
8319,44,06:41.0
8319,42,53:06.0
8319,40,24:29.0
8319,44,13:13.0
8319,45,26:09.0
8319,42,48:31.0
8319,37,27:15.0
8319,42,41:15.0
8319,43,59:51.0
8319,38,40:21.0
8319,44,34:29.0
8319,40,45:32.0
8319,40,21:28.0
8319,45,19:10.0
8319,43,47:20.0
8319,40,41:37.0
8319,35,22:57.0
8319,40,22:42.0
8319,44,25:28.0
8319,37,51:40.0
8319,42,58:21.0
8319,44,18:40.0
8319,40,03:04.0
8319,42,23:22.0
8319,37,09:09.0
8319,45,12:22.0
8319,43,36:42.0
8319,38,39:00.0
8319,42,27:41.0
8319,38,26:26.0
8319,40,03:56.0
8319,37,28:30.0
8319,43,43:33.0
8319,38,29:06.0
8319,36,11:46.0
8319,40,22:52.0
8319,37,10:29.0
8319,48,23:32.0
8319,44,56:35.0
8319,41,48:57.0
8319,39,10:19.0
8319,42,30:04.0
8319,48,26:33.0
8319,50,53:20.0
8319,48,49:31.0
8319,39,51:04.0
8319,45,06:45.0
8319,44,34:02.0
8319,40,05:26.0
8319,38,15:01.0
8319,35,03:01.0
8319,40,00:33.0
8319,42,58:52.0
8319,35,37:09.0
8319,42,46:19.0
8319,42,25:23.0
8319,39.5,35:35.0
8319,40,00:02.0
8319,38,44:39.0
8319,44,14:02.0
8319,40,28:19.0
8319,36,11:00.0
8319,43,02:14.0
8319,42,42:27.0
8319,40,14:56.0
8319,36,15:10.0
8319,42,52:37.0
8319,42,37:39.0
8319,38,54:53.0
8319,34,21:01.0
8319,44,30:23.0
8319,33,28:20.0
8319,39,54:54.0
8319,44,52:59.0
8319,36,58:20.0
8319,39,23:37.0
8319,35,52:32.0
8319,32,51:30.0
8319,39,00:29.0
8319,34,16:13.0
8319,44,01:01.0
8319,41,48:02.0
8319,35,27:21.0
8319,41,13:53.0
8319,35,25:48.0
8319,41,56:02.0
8319,42,16:34.0
8319,39,22:16.0
8319,41,26:50.0
8319,36.5,11:50.0
8319,32,44:47.0
8319,32,38:30.0
8319,38,42:33.0
8319,42,26:35.0
8319,38,48:01.0
8319,34,13:13.0
8319,40,03:50.0
8319,33,51:12.0
8319,38,34:04.0
8319,39,16:25.0
8319,44,53:40.0
8319,42,30:49.0
8319,37,10:31.0
8319,39,25:41.0
8319,35,11:46.0
8319,46,10:09.0
8319,35,10:59.0
8319,42,22:50.0
8319,41,48:10.0
8319,36,18:07.0
8319,40,16:09.0
8319,38,44:30.0
8319,40,06:18.0
8319,38,14:10.0
8319,34,51:47.0
8319,40,59:50.0
8319,40,25:09.0
8319,37,26:37.0
8319,30,22:53.0
8319,36,29:07.0
8319,37,33:26.0
8319,35,19:20.0
8319,40,57:36.0
8319,40,29:24.0
8319,35,38:24.0
8319,39,42:16.0
8319,39,17:22.0
8319,36,45:51.0
8319,35,29:45.0
8319,42,23:25.0
8319,40,49:20.0
8319,37,18:12.0
8319,37,25:18.0
8319,35,47:27.0
8319,32,24:20.0
8319,37,52:29.0
8319,29,34:54.0
8319,34,17:06.0
8319,36,00:58.0
8319,34,19:38.0
8319,30,09:01.0
8319,34,50:42.0
8319,30,13:15.0
8319,36,11:45.0
8319,29,15:52.0
8319,35,56:54.0
8319,35,23:37.0
8319,31,30:58.0
8319,28,50:14.0
8319,32,15:51.0
8319,29,13:34.0
8319,34,16:36.0
8319,34,21:15.0
8319,32,03:45.0
8319,36,27:43.0
8319,33,50:13.0
8319,31,27:32.0
8319,36,34:03.0
8319,37,47:42.0
8319,36,28:24.0
8319,32,53:59.0
8319,28,12:29.0
8319,43,36:29.0
8319,39,08:12.0
8319,34,43:00.0
8319,36,48:14.0
8319,33,39:18.0
8319,30,02:48.0
8319,35,44:42.0
8319,35,44:09.0
8319,32,40:47.0
8319,34,30:47.0
8319,30,15:58.0
8319,29,33:37.0
8319,33,35:22.0
8319,35,37:20.0
8319,33,57:30.0
8319,30,29:06.0
8319,35,50:31.0
8319,36,12:46.0
8319,33,24:51.0
8319,32,02:34.0
8319,32,59:34.0
8319,33,51:21.0
8319,34,53:17.0
8319,34,21:22.0
8319,31,36:25.0
8319,35,07:57.0
8319,30,58:21.0
8319,35,56:59.0
8319,35,25:21.0
8319,33,16:34.0
8319,32,26:25.0
8319,30,53:08.0
8319,28,24:58.0
8319,30,57:45.0
8319,30.5,30:19.0
8319,31,55:38.0
8319,28,22:25.0
8319,32,25:15.0
8319,28,02:13.0
8319,26,12:59.0
8319,26,59:03.0
8319,32,49:28.0
8319,28,09:56.0
8319,30,26:48.0
8319,30,26:23.0
8319,28,30:38.0
8319,26,22:51.0
8319,31,34:44.0
8319,30,27:25.0
8319,27,59:15.0
8319,28,33:15.0
8319,26,29:02.0
8319,31,20:02.0
8319,30,49:16.0
8319,28,22:55.0
8319,28,34:03.0
8319,30,24:04.0
8319,32,06:58.0
8319,30,38:26.0
8319,30,23:28.0
8319,34,36:43.0
8319,30,05:30.0
8319,37,24:15.0
8319,36,23:26.0
8319,32,35:54.0
8319,37,28:14.0
8319,34.5,14:38.0
8319,30,59:23.0
8319,35,23:05.0
8319,32,32:48.0
8319,36,46:09.0
8319,32,37:56.0
8319,32,03:34.0
8319,30,32:40.0
8319,28,52:46.0
8319,27,15:19.0
8319,30,59:43.0
8319,31,09:15.0
8319,28,10:47.0
8319,28,51:29.0
8319,33,18:24.0
8319,29,24:36.0
8319,31,03:15.0
8319,30,46:23.0
8319,30,55:33.0
8319,30,24:46.0
8319,32,25:02.0
8319,30,14:19.0
8319,27,50:04.0
8319,32,11:10.0
8319,27,08:05.0
8319,32,57:50.0
8319,31,41:50.0
8319,30,31:57.0
8319,29,33:36.0
8319,31,28:16.0
8319,32,02:06.0
8319,30,51:20.0
8319,27,53:14.0
8319,30,25:28.0
8319,30,21:20.0
8319,28,31:26.0
8319,34,54:18.0
8319,31.5,30:39.0
8319,30,31:34.0
8319,30,28:08.0
8319,32,26:57.0
8319,29,29:19.0
8319,27,55:59.0
8319,31,24:40.0
8319,32,54:36.0
8319,30,11:34.0
8319,26,28:35.0
8319,29,49:35.0
8319,30,07:20.0
8319,26,44:28.0
8319,26,44:28.0
8319,27,58:25.0
8319,29,36:32.0
8319,29,41:25.0
8319,27,27:33.0
8319,31,29:47.0
8319,29,22:33.0
8319,32,57:20.0
8319,30,12:06.0
8319,30,38:36.0
8319,26,19:45.0
8319,30,55:53.0
8319,32,34:35.0
8319,29,29:59.0
8319,24,26:17.0
8319,27,49:08.0
8319,28,20:28.0
8319,26,57:59.0
8319,28,25:59.0
8319,26,14:53.0
8319,24,46:18.0
8319,27,24:59.0
8319,30,05:30.0
8319,27,21:43.0
8319,24,28:56.0
8319,28,41:34.0
8319,29,26:59.0
8319,27,05:42.0
8319,31,50:31.0
8319,32,15:02.0
8319,30,04:05.0
8319,30,48:04.0
8319,29,49:51.0
8319,26,21:34.0
8319,28,42:40.0
8319,24,31:15.0
8319,28,24:04.0
8319,30,14:38.0
8319,24,25:38.0
8319,29,28:11.0
8319,31,48:35.0
8319,28,42:41.0
8319,24,12:40.0
8319,28,17:52.0
8319,28,21:59.0
8319,26,30:16.0
8319,29,10:43.0
8319,34,30:18.0
8319,29,28:32.0
8319,30,09:24.0
8319,27,33:46.0
8319,30,07:08.0
8319,32.5,22:46.0
8319,30,01:41.0
8319,26,59:55.0
8319,30,32:13.0
8319,29,34:30.0
8319,31,07:24.0
8319,28,02:22.0
8319,26,21:57.0
8319,27,41:57.0
8319,24,50:02.0
8319,28,30:08.0
8319,28,49:55.0
8319,27,34:53.0
8319,22,06:17.0
8319,26,59:36.0
8319,26,23:13.0
8319,26,38:04.0
8319,30,31:45.0
8319,30,05:53.0
8319,28,51:51.0
8319,24,00:11.0
8319,28,58:44.0
8319,30,04:55.0
8319,29,24:57.0
8319,26,32:45.0
8319,23,28:38.0
8319,28,56:06.0
8319,31,34:14.0
8319,29,10:18.0
8319,26,41:56.0
8319,31,33:16.0
8319,29,56:46.0
8319,32,27:54.0
8319,30,19:57.0
8319,26,36:01.0
8319,22,53:50.0
8319,27,17:06.0
8319,25,26:33.0
8319,29,26:58.0
8319,29,22:07.0
8319,28,49:29.0
8319,30,53:11.0
8319,28,50:42.0
8319,28,55:53.0
8319,31,07:46.0
8319,28,22:31.0
8319,30,06:14.0
8319,26,01:59.0
8319,24,21:28.0
8319,26,14:44.0
8319,22,56:20.0
8319,24,52:42.0
8319,24,33:35.0
8319,22,30:05.0
8319,20,55:59.0
8319,24,21:13.0
8319,21,07:48.0
8319,25,34:33.0
8319,24,36:25.0
8319,28,19:01.0
8319,31,34:39.0
8319,28,33:29.0
8319,28,28:54.0
8319,30,32:50.0
8319,31,09:54.0
8319,27,25:41.0
8319,27,47:13.0
8319,25,19:46.0
8319,23,44:41.0
8319,22,44:11.0
8319,25,28:08.0
8319,24,37:43.0
8319,26,07:56.0
8319,26,47:30.0
8319,24,25:09.0
8319,23,30:39.0
8319,23,26:39.0
8319,24,50:05.0
8319,29,20:51.0
8319,28,35:09.0
8319,26,40:59.0
8319,26,14:11.0
8319,26,15:40.0
8319,23,46:55.0
8319,23,55:45.0
8319,25,37:17.0
8319,24,10:12.0
8319,18,58:19.0
8319,22,56:44.0
8319,24,31:01.0
8319,23,46:59.0
8319,22,42:25.0
8319,29,19:48.0
8319,27,40:22.0
8319,25,48:26.0
8319,28,04:20.0
8319,26,18:53.0
8319,24,58:06.0
8319,19,08:50.0
8319,23,28:52.0
8319,24,05:54.0
8319,28,44:12.0
8319,25,21:58.0
8319,25,31:33.0
8319,24,45:59.0
8319,23,07:24.0
8319,27,23:49.0
8319,20,14:17.0
8319,23,13:09.0
8319,25,55:12.0
8319,23,28:42.0
8319,25,46:27.0
8319,24,18:59.0
8319,22,16:38.0
8319,21,44:59.0
8319,25,24:54.0
8319,21,03:56.0
8319,26,41:02.0
8319,21,02:56.0
8319,24,44:26.0
8319,18,27:34.0
8319,23,38:04.0
8319,22,42:40.0
8319,25,19:43.0
8319,25,39:15.0
8319,26,52:28.0
8319,22,39:20.0
8319,31,23:26.0
8319,28,27:03.0
8319,23,44:26.0
8319,20,46:36.0
8319,24,05:35.0
8319,23,49:46.0
8319,27,08:09.0
8319,30,20:44.0
8319,24,35:20.0
8319,22,53:34.0
8319,21,56:22.0
8319,24,33:07.0
8319,18,04:43.0
8319,24,44:06.0
8319,27.5,29:23.0
8319,22,53:53.0
8319,23,52:32.0
8319,25,06:33.0
8319,24,17:55.0
8319,22,50:40.0
8319,26,31:19.0
8319,22,06:28.0
8319,23,55:55.0
8319,21.5,19:47.0
8319,28,09:12.0
8319,24,43:40.0
8319,23,47:00.0
8319,28,22:50.0
8319,28,28:48.0
8319,26,14:40.0
8319,22,12:38.0
8319,26,25:52.0
8319,26,09:44.0
8319,21,41:43.0
8319,25,32:30.0
8319,23,24:45.0
8319,20,13:17.0
8319,22,30:51.0
8319,26,32:03.0
8319,28,57:40.0
8319,26,14:15.0
8319,28,10:32.0
8319,25,20:15.0
8319,27,27:13.0
8319,25,38:26.0
8319,22,15:29.0
8319,27,37:27.0
8319,32,50:19.0
8319,31,20:16.0
8319,28,39:10.0
8319,28,48:45.0
8319,24,51:46.0
8319,27,48:42.0
8319,24,22:59.0
8319,26,49:12.0
8319,26,48:18.0
8319,24,42:35.0
8319,27,53:21.0
8319,29,34:45.0
8319,26,37:59.0
8319,26,42:56.0
8319,24,51:10.0
8319,28,18:54.0
8319,26,50:57.0
8319,25,50:04.0
8319,25,38:26.0
8319,24,57:41.0
8319,30,10:42.0
8319,30,56:04.0
8319,29,39:28.0
8319,27,52:15.0
8319,31,26:39.0
8319,30,18:23.0
8319,28,14:32.0
8319,23,59:17.0
8319,28,03:15.0
8319,25,09:17.0
8319,30,23:04.0
8319,27.5,26:25.0
8319,26,39:16.0
8319,28,19:11.0
8319,30,57:50.0
8319,33,50:59.0
8319,32,19:06.0
8319,25,00:43.0
8319,29,05:37.0
8319,29,32:06.0
8319,27,28:39.0
8319,31,07:09.0
8319,32,41:27.0
8319,28,32:22.0
8319,26,39:37.0
8319,33,17:17.0
8319,30,28:48.0
8319,30,57:50.0
8319,27,11:34.0
8319,24,57:20.0
8319,24,30:43.0
8319,22,09:51.0
8319,25,32:07.0
8319,26,43:02.0
8319,30,20:32.0
8319,35,30:41.0
8319,32,06:24.0
8319,24,55:04.0
8319,27,24:19.0
8319,28,02:46.0
8319,26,40:25.0
8319,25,49:08.0
8319,29,54:28.0
8319,30,00:28.0
8319,28,50:14.0
8319,35,30:29.0
8319,32,18:29.0
8319,31,00:38.0
8319,29,27:01.0
8319,26,16:15.0
8319,25,39:51.0
8319,29,53:08.0
8319,30,16:07.0
8319,29,19:01.0
8319,24,31:36.0
8319,28,02:26.0
8319,31,15:17.0
8319,29,43:12.0
8319,34,12:13.0
8319,32,31:32.0
8319,30,54:56.0
8319,35,53:37.0
8319,30,18:57.0
8319,33,58:12.0
8319,36.5,28:23.0
8319,34,35:38.0
8319,23,53:42.0
8319,27,41:37.0
8319,26,47:11.0
8319,30,45:02.0
8319,34,33:09.0
8319,32,06:58.0
8319,26,47:15.0
8319,28,30:31.0
8319,32,10:29.0
8319,31,08:22.0
8319,29,43:03.0
8319,34,18:13.0
8319,36,45:12.0
8319,36,17:57.0
8319,35,41:16.0
8319,35,19:32.0
8319,33,35:16.0
8319,38,47:12.0
8319,38,28:25.0
8319,36,48:47.0
8319,23,54:58.0
8319,29,59:01.0
8319,35,17:25.0
8319,35,23:00.0
8319,32,49:03.0
8319,31,38:00.0
8319,36,04:40.0
8319,32,33:13.0
8319,29,43:32.0
8319,25,00:31.0
8319,31,45:15.0
8319,33,17:33.0
8319,30,41:28.0
8319,29,43:30.0
8319,35,44:40.0
8319,37,56:48.0
8319,34,38:36.0
8319,25,33:17.0
8319,29,42:55.0
8319,30,31:49.0
8319,24,36:29.0
8319,22,13:24.0
8319,28,40:02.0
8319,24,14:44.0
8319,29,01:58.0
8319,33,27:11.0
8319,38,18:06.0
8319,30,32:56.0
8319,30,51:49.0
8319,36,18:54.0
8319,38,38:05.0
8319,35,51:01.0
8319,30,23:06.0
8319,27,43:27.0
8319,24,42:03.0
8319,30,28:15.0
8319,39,18:23.0
8319,35,29:03.0
8319,30,35:17.0
8319,34,27:51.0
8319,38,53:28.0
8319,36,24:38.0
8319,40,21:53.0
8319,28.5,19:53.0
8319,31,36:47.0
8319,32,47:34.0
8319,32,52:10.0
8319,33,01:14.0
8319,32,59:40.0
8319,23,55:00.0
8319,26,48:53.0
8319,26,49:43.0
8319,23,45:10.0
8319,25,48:17.0
8319,29,45:07.0
8319,31,37:19.0
8319,28,33:02.0
8319,35,36:49.0
8319,31,34:46.0
8319,28,50:20.0
8319,34,08:53.0
8319,31,35:36.0
8319,37,05:24.0
8319,39,40:17.0
8319,31,37:27.0
8319,28,09:54.0
8319,28,19:12.0
8319,30,32:33.0
8319,34,45:27.0
8319,33,31:12.0
8319,32,44:04.0
8319,34,49:24.0
8319,36,52:41.0
8319,29,38:08.0
8319,33,38:36.0
8319,30.5,18:59.0
8319,26,48:35.0
8319,32,33:15.0
8319,31,24:29.0
8319,37,48:13.0
8319,38,39:03.0
8319,34,18:13.0
8319,32,44:39.0
8319,38,30:08.0
8319,32,44:49.0
8319,28,04:33.0
8319,37,27:12.0
8319,33,53:53.0
8319,32,45:31.0
8319,38,31:34.0
8319,31,16:54.0
8319,42,08:08.0
8319,37,11:02.0
8319,31,41:05.0
8319,39,23:48.0
8319,29,11:47.0
8319,38,48:07.0
8319,39,40:08.0
8319,35,13:38.0
8319,40,36:13.0
8319,40,43:56.0
8319,32,40:44.0
8319,40,37:07.0
8319,40,40:07.0
8319,37.5,32:34.0
8319,28,50:42.0
8319,36,47:04.0
8319,40,55:20.0
8319,37,26:24.0
8319,32,48:35.0
8319,35,45:37.0
8319,31,38:31.0
8319,38,22:28.0
8319,35,07:56.0
8319,39,36:39.0
8319,39,46:57.0
8319,37,27:03.0
8319,32,32:06.0
8319,37,13:45.0
8319,39,52:44.0
8319,35,45:40.0
8319,33,01:08.0
8319,38,30:11.0
8319,37,44:46.0
8319,35,17:14.0
8319,38,32:08.0
8319,38,07:34.0
8319,31,27:07.0
8319,39,44:18.0
8319,39,58:36.0
8319,38,31:48.0
8319,35,03:37.0
8319,31,39:19.0
8319,39,26:05.0
8319,38,35:46.0
8319,35,28:23.0
8319,40,39:51.0
8319,38,45:28.0
8319,36,57:09.0
8319,38,39:10.0
8319,32,43:38.0
8319,34,30:32.0
8319,35,33:59.0
8319,33,22:24.0
8319,31,04:44.0
8319,37,09:07.0
8319,37,07:07.0
8319,37,52:25.0
8319,35,43:56.0
8319,29,33:11.0
8319,35,38:10.0
8319,40,50:40.0
8319,35,27:05.0
8319,35,22:19.0
8319,31,52:10.0
8319,36,27:05.0
8319,38,50:37.0
8319,35,25:28.0
8319,35,47:37.0
8319,40,53:18.0
8319,38,32:14.0
8319,35,40:57.0
8319,37,54:28.0
8319,35,18:11.0
8319,37,42:32.0
8319,34,11:00.0
8319,35,20:34.0
8319,36,50:23.0
8319,32,31:16.0
8319,32,43:43.0
8319,36,10:39.0
8319,41,28:41.0
8319,35,53:52.0
8319,31,46:27.0
8319,39,21:28.0
8319,38,42:52.0
8319,36,25:45.0
8319,29,03:13.0
8319,30,35:08.0
8319,29,25:08.0
8319,36,04:02.0
8319,34,01:28.0
8319,40,43:56.0
8319,42,43:21.0
8319,40,44:55.0
8319,38,26:13.0
8319,39,24:54.0
8319,36,26:39.0
8319,34,40:17.0
8319,36.5,11:43.0
8319,31,14:55.0
8319,27,49:05.0
8319,29,50:29.0
8319,36,43:43.0
8319,32,55:50.0
8319,38,07:29.0
8319,36,07:01.0
8319,34,35:45.0
8319,31,12:29.0
8319,35,19:32.0
8319,37,14:57.0
8319,34,55:31.0
8319,35,49:49.0
8319,35,30:39.0
8319,40,39:55.0
8319,37,24:29.0
8319,33,44:19.0
8319,39,19:16.0
8319,37,36:40.0
8319,33,30:13.0
8319,37,28:28.0
8319,39,51:57.0
8319,36,38:37.0
8319,37,53:19.0
8319,40,52:44.0
8319,43,50:51.0
8319,40,33:25.0
8319,37,48:39.0
8319,34,18:31.0
8319,29,14:44.0
8319,35,58:37.0
8319,38,19:23.0
8319,34,34:41.0
8319,39,37:43.0
8319,35,23:41.0
8319,32,28:50.0
8319,38,13:50.0
8319,44,26:52.0
8319,33,44:08.0
8319,40,21:09.0
8319,42,32:36.0
8319,38,28:20.0
8319,38,42:24.0
8319,37.5,41:01.0
8319,32,42:06.0
8319,38,39:17.0
8319,41,58:12.0
8319,37,32:19.0
8319,35,48:26.0
8319,40,47:59.0
8319,36,52:51.0
8319,42,00:25.0
8319,44,43:53.0
8319,40,14:38.0
8319,44,07:08.0
8319,40,50:43.0
8319,35,35:53.0
8319,40,48:22.0
8319,42,05:58.0
8319,32,47:52.0
8319,30,57:11.0
8319,36,37:51.0
8319,40,32:32.0
8319,36.5,19:03.0
8319,34,45:16.0
8319,38,44:30.0
8319,38,02:04.0
8319,42,33:31.0
8319,43,27:16.0
8319,39,25:53.0
8319,37,02:46.0
8319,44,11:54.0
8319,45,30:47.0
8319,41,33:54.0
8319,34,43:23.0
8319,40,13:42.0
8319,37,56:56.0
8319,42,46:04.0
8319,44,32:34.0
8319,38,52:21.0
8319,43,11:58.0
8319,43,38:55.0
8319,39,45:17.0
8319,34,46:48.0
8319,37,52:15.0
8319,47,16:09.0
8319,43,34:37.0
8319,40,35:25.0
8319,38,05:19.0
8319,43,44:22.0
8319,40,24:43.0
8319,43,41:41.0
8319,42,24:54.0
8319,38,20:23.0
8319,42,23:17.0
8319,38,26:32.0
8319,35,53:39.0
8319,41,53:30.0
8319,37.5,58:40.0
8319,44.5,41:09.0
8319,44,19:40.0
8319,40,40:48.0
8319,37,40:33.0
8319,42,18:38.0
8319,45,59:25.0
8319,42,09:35.0
8319,38,44:11.0
8319,44,12:03.0
8319,45,33:16.0
8319,43,00:23.0
8319,42,33:10.0
8319,38,34:21.0
8319,35,25:56.0
8319,41,45:03.0
8319,44,54:58.0
8319,42,35:36.0
8319,46,49:11.0
8319,42,40:11.0
8319,48,15:15.0
8319,45,32:36.0
8319,38,34:03.0
8319,43,31:59.0
8319,39,36:26.0
8319,46,41:55.0
8319,42,53:24.0
8319,38,10:04.0
8319,44,29:30.0
8319,39,13:24.0
8319,46,22:26.0
8319,46,49:31.0
8319,49,43:49.0
8319,45,01:18.0
8319,40,33:38.0
8319,48,18:37.0
8319,47,54:11.0
8319,44,51:02.0
8319,40,03:10.0
8319,46,29:21.0
8319,38,43:37.0
8319,45,20:02.0
8319,35,03:07.0
8319,43,56:28.0
8319,46,35:19.0
8319,41,19:56.0
8319,47,56:58.0
8319,45,49:41.0
8319,40,59:31.0
8319,47,00:33.0
8319,39,58:25.0
8319,47,22:02.0
8319,39,41:16.0
8319,45,41:44.0
8319,47,32:06.0
8319,42,47:11.0
8319,48,05:43.0
8319,42,36:28.0
8319,50,02:39.0
8319,45,33:14.0
8319,49,35:08.0
8319,45,35:53.0
8319,38,53:13.0
8319,44,40:45.0
8319,46,59:40.0
8319,42,35:01.0
8319,37,11:36.0
8319,44,34:49.0
8319,48,51:23.0
8319,44,33:27.0
8319,46,03:29.0
8319,43,30:38.0
8319,38,59:54.0
8319,45,50:14.0
8319,49,33:16.0
8319,45,15:10.0
8319,38,29:00.0
8319,46,26:12.0
8319,39,17:53.0
8319,47,55:04.0
8319,39,25:16.0
8319,49,51:28.0
8319,46,17:12.0
8319,46,17:41.0
8319,43,36:47.0
8319,48,40:31.0
8319,44,58:38.0
8319,39,08:40.0
8319,46,16:27.0
8319,48,40:27.0
8319,45,48:55.0
8319,37,10:53.0
8319,45,27:17.0
8319,39,42:23.0
8319,45,31:11.0
8319,49,54:30.0
8319,44,41:58.0
8319,46,36:14.0
8319,44,50:58.0
8319,47,35:48.0
8319,45,33:34.0
8319,39,27:24.0
8319,45,19:38.0
8319,40,54:41.0
8319,41,39:00.0
8319,48,38:36.0
8319,43,30:17.0
8319,39,01:51.0
8319,45,37:20.0
8319,37,46:01.0
8319,46,03:22.0
8319,45,28:20.0
8319,42,29:11.0
8319,38,48:49.0
8319,46,01:51.0
8319,49,31:09.0
8319,44,26:36.0
8319,40,35:03.0
8319,48,53:25.0
8319,38,03:00.0
8319,48,25:29.0
8319,41,13:55.0
8319,49,15:12.0
8319,43,48:44.0
8319,47,55:48.0
8319,42,37:56.0
8319,47,52:10.0
8319,44,36:10.0
8319,39,38:33.0
8319,42,33:27.0
8319,48,04:21.0
8319,42,37:53.0
8319,42,45:38.0
8319,49,32:00.0
8319,45,32:59.0
8319,42,06:33.0
8319,48,29:34.0
8319,45,17:05.0
8319,43,04:12.0
8319,47,10:02.0
8319,46,26:11.0
8319,44,27:10.0
8319,44,41:05.0
8319,47,42:10.0
8319,43,27:50.0
8319,39,54:18.0
8319,47,09:29.0
8319,46,26:09.0
8319,43,15:09.0
8319,39,58:00.0
8319,45,32:21.0
8319,46,46:30.0
8319,45,09:36.0
8319,42,49:00.0
8319,48,50:19.0
8319,42.5,43:28.0
8319,48,58:35.0
8319,42,16:10.0
8319,44,51:48.0
8319,50,14:27.0
8319,45,24:46.0
8319,45.5,52:02.0
8319,50,41:11.0
8319,43,15:27.0
8319,48,30:54.0
8319,43,21:29.0
8319,46,41:43.0
8319,45,26:24.0
8319,42,23:43.0
8319,51,40:42.0
8319,47,22:19.0
8319,44,26:25.0
8319,44,00:46.0
8319,47,31:15.0
8319,45,29:44.0
8319,42,27:59.0
8319,45,27:11.0
8319,50,59:07.0
8319,46,40:40.0
8319,48,12:52.0
8319,43,26:58.0
8319,47,08:49.0
8319,46,20:17.0
8319,45,05:47.0
8319,42,17:48.0
8319,45,08:23.0
8319,42,14:20.0
8319,48,54:22.0
8319,47,21:49.0
8319,44,40:26.0
8319,48,18:31.0
8319,41,11:09.0
8319,45,46:10.0
8319,44,45:16.0
8319,49,43:57.0
8319,45,16:07.0
8319,46,20:45.0
8319,44,41:04.0
8319,49,04:48.0
8319,43,02:32.0
8319,47,09:15.0
8319,44,25:50.0
8319,42,42:09.0
8319,48,18:40.0
8319,41,19:22.0
8319,44,19:44.0
8319,43,30:26.0
8319,45,04:08.0
8319,43,28:14.0
8319,48,39:16.0
8319,42,26:08.0
8319,48,54:47.0
8319,48,24:16.0
8319,42,11:43.0
8319,48,27:04.0
8319,44,33:05.0
8319,45,18:29.0
8319,34,21:34.0
8319,35,40:48.0
8319,39,26:24.0
8319,45,34:20.0
8319,39,10:22.0
8319,42,16:19.0
8319,48,13:06.0
8319,44,28:22.0
8319,45,35:19.0
8319,50,07:54.0
8319,36,51:18.0
8319,36,17:37.0
8319,37,54:28.0
8319,37,34:41.0
8319,36,24:13.0
8319,44,20:54.0
8319,43,43:51.0
8319,48,01:19.0
8319,42,49:16.0
8319,48,41:03.0
8319,46,23:10.0
8319,43,41:19.0
8319,48,40:58.0
8319,46,34:36.0
8319,44,07:04.0
8319,48,52:15.0
8319,46,36:45.0
8319,50,01:55.0
8319,44,41:01.0
8319,49,22:03.0
8319,44,03:23.0
8319,47,55:44.0
8319,44,23:06.0
8319,44,02:41.0
8319,42,25:13.0
8319,47,24:17.0
8319,36,00:32.0
8319,37,43:58.0
8319,37,32:57.0
8319,42,52:35.0
8319,42,01:52.0
8319,45,32:53.0
8319,48,20:19.0
8319,43,25:21.0
8319,45,29:06.0
8319,42,45:07.0
8319,45,24:32.0
8319,50,04:50.0
8319,48,23:02.0
8319,45,15:11.0
8319,41,31:02.0
8319,40,28:25.0
8319,44,05:28.0
8319,41,13:24.0
8319,38,04:45.0
8319,38,01:14.0
8319,46,26:21.0
8319,46.5,25:06.0
8319,43,06:22.0
8319,48,05:43.0
8319,45,12:08.0
8319,48,58:06.0
8319,45,18:57.0
8319,44,22:31.0
8319,43,50:51.0
8319,48.5,38:51.0
8319,41,16:07.0
8319,48,10:29.0
8319,44,49:21.0
8319,41,21:47.0
8319,48,27:02.0
8319,42,31:07.0
8319,42,43:11.0
8319,42,37:45.0
8319,48,16:34.0
8319,44,01:58.0
8319,42,43:15.0
8319,47,44:54.0
8319,44,28:19.0
8319,39,15:13.0
8319,46,13:43.0
8319,46,55:12.0
8319,43,13:16.0
8319,38,00:28.0
8319,41,02:08.0
8319,46,37:54.0
8319,43,28:37.0
8319,43,25:08.0
8319,39,47:04.0
8319,45,44:34.0
8319,40,48:45.0
8319,44,44:01.0
8319,44,56:02.0
8319,51,01:21.0
8319,49,20:13.0
8319,45,36:05.0
8319,42,44:47.0
8319,45,24:11.0
8319,40,27:41.0
8319,48,30:04.0
8319,47,55:17.0
8319,46,34:31.0
8319,46,59:43.0
8319,42,27:53.0
8319,44,27:37.0
8319,40,52:43.0
8319,40,40:21.0
8319,47,53:50.0
8319,44,25:27.0
8319,40,52:15.0
8319,38,23:40.0
8319,46,07:48.0
8319,46,22:44.0
8319,42,05:59.0
8319,48,44:39.0
8319,41,45:34.0
8319,48,18:59.0
8319,38,02:02.0
8319,46,04:03.0
8319,43,27:04.0
8319,43,25:13.0
8319,39,59:08.0
8319,46,36:04.0
8319,39,43:25.0
8319,46,01:27.0
8319,44,40:34.0
8319,45,39:24.0
8319,39,15:08.0
8319,46,26:26.0
8319,44,15:34.0
8319,42,19:40.0
8319,41,03:14.0
8319,47,04:35.0
8319,41,34:50.0
8319,47,06:00.0
8319,46,21:12.0
8319,42,46:34.0
8319,38,06:28.0
8319,45,50:29.0
8319,40,27:08.0
8319,46,35:11.0
8319,44,21:49.0
8319,42,51:55.0
8319,39,20:43.0
8319,44,41:50.0
8319,40,33:35.0
8319,44,54:03.0
8319,42,03:59.0
8319,43,50:56.0
8319,42,18:43.0
8319,37,46:28.0
8319,43,07:02.0
8319,44,53:39.0
8319,45,56:04.0
8319,42,47:25.0
8319,39,49:24.0
8319,46,33:18.0
8319,37,44:28.0
8319,44,38:09.0
8319,42,10:31.0
8319,39,01:16.0
8319,42,17:13.0
8319,41,39:50.0
8319,41,23:23.0
8319,36,49:51.0
8319,42,39:03.0
8319,38,18:09.0
8319,35,21:37.0
8319,42,13:59.0
8319,40,29:07.0
8319,39,37:22.0
8319,38,16:24.0
8319,42,05:16.0
8319,39,02:55.0
8319,43,26:47.0
8319,38,52:55.0
8319,43,47:28.0
8319,40,56:46.0
8319,46,58:48.0
8319,42,14:52.0
8319,37,50:08.0
8319,43,40:45.0
8319,39,17:25.0
8319,38,41:39.0
8319,43,43:17.0
8319,39,17:30.0
8319,37,09:17.0
8319,43,00:51.0
8319,40,23:55.0
8319,39,48:51.0
8319,43,57:17.0
8319,35,33:15.0
8319,41,48:16.0
8319,40,25:27.0
8319,45,25:29.0
8319,41,25:36.0
8319,45,15:37.0
8319,40,22:21.0
8319,42,20:59.0
8319,38,30:25.0
8319,43,33:37.0
8319,40,17:14.0
8319,44,53:18.0
8319,40,49:46.0
8319,38,43:05.0
8319,43,28:41.0
8319,37,35:42.0
8319,41,01:08.0
8319,38,28:31.0
8319,41,16:15.0
8319,39,01:53.0
8319,44,57:31.0
8319,36,32:12.0
8319,41,47:56.0
8319,38,19:00.0
8319,44,23:04.0
8319,42,23:57.0
8319,43,25:58.0
8319,38,22:18.0
8319,37,37:37.0
8319,42,43:59.0
8319,43,05:59.0
8319,42,52:20.0
8319,41,27:01.0
8319,38,33:50.0
8319,45,54:31.0
8319,36,38:35.0
8319,42,40:27.0
8319,40,27:28.0
8319,38,00:50.0
8319,36,10:23.0
8319,41,35:52.0
8319,41,38:11.0
8319,36,54:17.0
8319,41,58:25.0
8319,38,20:33.0
8319,37,35:34.0
8319,35,53:36.0
8319,40,41:39.0
8319,39,25:00.0
8319,34,14:47.0
8319,40,01:07.0
8319,33,51:58.0
8319,40,36:55.0
8319,38,25:46.0
8319,35,31:00.0
8319,33,44:19.0
8319,38,43:07.0
8319,36,23:07.0
8319,34,28:41.0
8319,37,12:20.0
8319,34,04:56.0
8319,37,53:12.0
8319,35,29:38.0
8319,27,15:23.0
8319,28,42:27.0
8319,36,20:18.0
8319,42,31:27.0
8319,37,13:38.0
8319,34,10:47.0
8319,40,53:58.0
8319,34,42:14.0
8319,41,01:38.0
8319,37.5,06:53.0
8319,37,16:43.0
8319,33,49:28.0
8319,38,43:02.0
8319,37,18:26.0
8319,34,52:49.0
8319,39,01:46.0
8319,38,55:00.0
8319,32,23:05.0
8319,36,21:34.0
8319,36,24:55.0
8319,30,32:50.0
8319,32,41:44.0
8319,35,10:10.0
8319,40,26:18.0
8319,39,24:31.0
8319,39,01:29.0
8319,34,21:46.0
8319,41,44:14.0
8319,33,41:10.0
8319,40,32:43.0
8319,36,37:13.0
8319,38,25:46.0
8319,32,10:19.0
8319,38,29:25.0
8319,35,00:17.0
8319,33,53:05.0
8319,37,50:26.0
8319,37,25:33.0
8319,34,00:30.0
8319,30,12:31.0
8319,28,21:39.0
8319,32,50:40.0
8319,30,20:56.0
8319,37,39:48.0
8319,41,24:50.0
8319,40,31:24.0
8319,38,14:48.0
8319,33,55:37.0
8319,40,37:51.0
8319,36,00:24.0
8319,32,07:34.0
8319,38,30:04.0
8319,38,38:44.0
8319,33,42:03.0
8319,36,23:43.0
8319,36,35:54.0
8319,28,11:29.0
8319,32,28:28.0
8319,29,00:44.0
8319,23,10:10.0
8319,32,41:17.0
8319,30,39:05.0
8319,34,55:21.0
8319,32,46:11.0
8319,29,47:05.0
8319,30,47:13.0
8319,34,56:40.0
8319,34,24:53.0
8319,32,18:57.0
8319,31,39:54.0
8319,31,49:49.0
8319,30,27:41.0
8319,28,48:56.0
8319,32,43:07.0
8319,31,32:43.0
8319,31,39:52.0
8319,30,20:46.0
8319,28,52:02.0
8319,31,43:48.0
8319,29,46:09.0
8319,33,29:01.0
8319,28,28:09.0
8319,32,25:32.0
8319,30,26:29.0
8319,30,24:30.0
8319,30,50:02.0
8319,32,26:53.0
8319,31,16:52.0
8319,32,37:24.0
8319,28,37:43.0
8319,32,26:52.0
8319,31,26:21.0
8319,30,25:05.0
8319,28,51:31.0
8319,30,29:50.0
8319,28,47:27.0
8319,26,19:34.0
8319,29,23:18.0
8319,34,46:22.0
8319,32,27:37.0
8319,28,42:43.0
8319,31,08:31.0
8319,29,26:42.0
8319,22,40:59.0
8319,22,36:25.0
8319,34,32:10.0
8319,26,23:49.0
8319,28,46:20.0
8319,33,00:42.0
8319,29,32:48.0
8319,33,34:47.0
8319,31,25:42.0
8319,28.5,41:34.0
8319,29,45:08.0
8319,32,31:32.0
8319,31,35:31.0
8319,29,04:04.0
8319,33,12:56.0
8319,33,04:16.0
8319,26,30:39.0
8319,30,28:13.0
8319,24,53:44.0
8319,27,40:56.0
8319,25,25:20.0
8319,23.5,51:02.0
8319,26,27:33.0
8319,30,37:22.0
8319,32,28:34.0
8319,31,00:32.0
8319,29,37:41.0
8319,33,01:58.0
8319,33,35:41.0
8319,28,27:24.0
8319,28,40:15.0
8319,32,27:47.0
8319,28.5,09:35.0
8319,32,32:39.0
8319,31,38:40.0
8319,27,20:08.0
8319,32,29:41.0
8319,30,09:49.0
8319,30,21:08.0
8319,28,34:19.0
8319,30,44:47.0
8319,26,01:26.0
8319,26,23:17.0
8319,33,54:18.0
8319,34,13:23.0
8319,31,26:32.0
8319,29,32:17.0
8319,27,25:43.0
8319,30,40:44.0
8319,30,22:44.0
8319,24,51:09.0
8319,25,24:04.0
8319,23,47:06.0
8319,26,59:52.0
8319,26,41:19.0
8319,25,25:15.0
8319,26,38:34.0
8319,25,13:57.0
8319,25,51:16.0
8319,25.5,26:38.0
8319,27,15:54.0
8319,23,46:17.0
8319,28,23:22.0
8319,24,33:22.0
8319,25,35:11.0
8319,23,12:09.0
8319,22,22:10.0
8319,26,48:00.0
8319,27.5,30:02.0
8319,25,36:23.0
8319,27,51:18.0
8319,28,25:16.0
8319,23,06:31.0
8319,28,35:22.0
8319,25,33:24.0
8319,24,42:51.0
8319,25,32:04.0
8319,24,08:04.0
8319,22,16:48.0
8319,25,13:56.0
8319,25,34:41.0
8319,23,35:11.0
8319,26,00:32.0
8319,24,25:09.0
8319,23,11:41.0
8319,27,10:36.0
8319,24,05:08.0
8319,27,00:07.0
8319,25,19:32.0
8319,24,40:39.0
8319,28,19:43.0
8319,27,29:01.0
8319,23,44:08.0
8319,26,23:53.0
8319,26,21:30.0
8319,24,19:34.0
8319,25,20:38.0
8319,22,00:01.0
8319,26,37:30.0
8319,26,35:17.0
8319,26,35:17.0
8319,27,30:09.0
8319,27,58:11.0
8319,22,45:44.0
8319,25,46:52.0
8319,26,14:26.0
8319,20,27:17.0
8319,22,11:47.0
8319,21,30:04.0
8319,24,21:57.0
8319,21,43:33.0
8319,26,07:45.0
8319,24,17:52.0
8319,24,27:58.0
8319,22,00:25.0
8319,23,33:44.0
8319,24,11:17.0
8319,25,16:27.0
8319,21,13:47.0
8319,23,24:52.0
8319,24,22:10.0
8319,22,34:22.0
8319,25,27:09.0
8319,24,29:11.0
8319,24,53:08.0
8319,27,18:57.0
8319,26,38:40.0
8319,28,54:12.0
8319,26,16:37.0
8319,26,29:01.0
8319,23,50:18.0
8319,28,35:06.0
8319,23,26:25.0
8319,23,09:57.0
8319,23,29:32.0
8319,22,29:46.0
8319,20,27:55.0
8319,24,08:19.0
8319,22,33:37.0
8319,20,29:28.0
8319,24,30:48.0
8319,23,25:31.0
8319,21,52:24.0
8319,25,23:27.0
8319,23,36:01.0
8319,21,00:26.0
8319,23,50:49.0
8319,26,15:59.0
8319,24,20:05.0
8319,25,22:32.0
8319,24,25:22.0
8319,24,26:55.0
8319,24,37:44.0
8319,24,39:33.0
8319,24,17:29.0
8319,27,49:02.0
8319,27,22:42.0
8319,27,26:00.0
8319,22,25:38.0
8319,24,16:03.0
8319,23,48:37.0
8319,23,09:10.0
8319,27,47:55.0
8319,25,16:14.0
8319,22,44:06.0
8319,23,30:39.0
8319,29,57:02.0
8319,27,09:01.0
8319,24,25:49.0
8319,26,16:06.0
8319,27,52:28.0
8319,24,30:54.0
8319,23,49:24.0
8319,24,36:57.0
8319,24,10:16.0
8319,22,41:12.0
8319,27,34:31.0
8319,26,26:00.0
8319,25,58:23.0
8319,26,47:15.0
8319,26,23:58.0
8319,29,42:16.0
8319,23,32:18.0
8319,21,52:40.0
8319,22,34:28.0
8319,26,35:06.0
8319,23,36:14.0
8319,23,35:28.0
8319,25,50:02.0
8319,23,01:42.0
8319,26,17:49.0
8319,24,16:57.0
8319,22,19:46.0
8319,23,26:55.0
8319,24,28:43.0
8319,22,10:34.0
8319,20,20:24.0
8319,28,28:47.0
8319,26,06:13.0
8319,24,48:40.0
8319,26,29:49.0
8319,23,19:18.0
8319,21,25:42.0
8319,22,36:20.0
8319,26,47:11.0
8319,24,34:43.0
8319,23,39:10.0
8319,26,37:20.0
8319,25,42:43.0
8319,23,20:10.0
8319,22,56:30.0
8319,24,22:38.0
8319,24,18:09.0
8319,22,27:40.0
8319,25,17:01.0
8319,23,28:31.0
8319,24,51:42.0
8319,28,29:09.0
8319,26,19:48.0
8319,26,34:18.0
8319,22,32:11.0
8319,26,36:29.0
8319,26,22:27.0
8319,24,36:12.0
8319,23,35:34.0
8319,20,13:51.0
8319,20,37:42.0
8319,27,35:15.0
8319,23,39:08.0
8319,25,53:59.0
8319,23,16:12.0
8319,22,20:26.0
8319,20,43:39.0
8319,23,52:38.0
8319,22,23:22.0
8319,20,25:37.0
8319,21,31:00.0
8319,25,29:30.0
8319,27,40:53.0
8319,23,20:03.0
8319,25,07:32.0
8319,25,18:29.0
8319,25,08:10.0
8319,22.5,33:17.0
8319,26,09:53.0
8319,26,56:21.0
8319,25,45:17.0
8319,29,40:16.0
8319,23,52:34.0
8319,26,07:48.0
8319,27,27:58.0
8319,26,28:41.0
8319,18,44:44.0
8319,21,34:04.0
8319,20,17:46.0
8319,20,14:59.0
8319,20,36:53.0
8319,26,16:11.0
8319,26,36:31.0
8319,30,25:09.0
8319,30,22:43.0
8319,29,25:25.0
8319,24,32:20.0
8319,28,51:38.0
8319,25,34:17.0
8319,22,26:03.0
8319,23,16:29.0
8319,27,25:16.0
8319,27,31:31.0
8319,26,14:45.0
8319,23,20:49.0
8319,20,20:02.0
8319,18,26:19.0
8319,25,22:09.0
8319,26,39:02.0
8319,25,32:24.0
8319,24,11:14.0
8319,31,34:07.0
8319,26,41:58.0
8319,24,46:25.0
8319,24,53:22.0
8319,24,16:29.0
8319,23,21:45.0
8319,22,27:13.0
8319,23,40:22.0
8319,28,40:08.0
8319,26,21:48.0
8319,24,03:59.0
8319,26,04:48.0
8319,28,35:30.0
8319,27,38:06.0
8319,23,25:11.0
8319,22,29:21.0
8319,28,37:47.0
8319,24,17:41.0
8319,22,33:03.0
8319,27,06:49.0
8319,32,07:29.0
8319,30,31:20.0
8319,28,29:07.0
8319,31,47:35.0
8319,26,58:15.0
8319,25,06:55.0
8319,32,31:40.0
8319,30,04:00.0
8319,34,18:34.0
8319,32,29:21.0
8319,28,39:25.0
8319,29,49:00.0
8319,22,30:11.0
8319,26,26:14.0
8319,25,24:23.0
8319,30,09:11.0
8319,32,59:39.0
8319,22.5,15:37.0
8319,26,26:43.0
8319,24,33:45.0
8319,30,36:26.0
8319,30,20:35.0
8319,25,27:51.0
8319,26,34:57.0
8319,24,03:50.0
8319,32,04:25.0
8319,31,20:27.0
8319,27,34:16.0
8319,24,03:15.0
8319,31,00:27.0
8319,35,05:44.0
8319,33,17:57.0
8319,30,59:42.0
8319,30,33:52.0
8319,28,25:16.0
8319,30,49:22.0
8319,34,48:34.0
8319,28,19:04.0
8319,31,46:09.0
8319,30,20:47.0
8319,27,19:51.0
8319,27,45:44.0
8319,31,42:14.0
8319,28,22:29.0
8319,25,20:35.0
8319,27,30:19.0
8319,34,36:46.0
8319,33,16:44.0
8319,30,59:51.0
8319,29,54:18.0
8319,29,35:28.0
8319,32,47:45.0
8319,26,28:06.0
8319,24,00:27.0
8319,31,40:46.0
8319,27,19:56.0
8319,27,15:28.0
8319,33,41:10.0
8319,31,11:23.0
8319,29,19:28.0
8319,30,54:39.0
8319,33,35:53.0
8319,26,57:38.0
8319,32,22:53.0
8319,22,06:53.0
8319,35,56:59.0
8319,34,25:24.0
8319,30,26:46.0
8319,30,56:44.0
8319,32,21:48.0
8319,27,23:48.0
8319,34,23:01.0
8319,27,39:48.0
8319,29,30:59.0
8319,31,37:56.0
8319,27,26:41.0
8319,27,46:18.0
8319,36,35:57.0
8319,33,25:17.0
8319,29,00:33.0
8319,26,04:00.0
8319,33,42:47.0
8319,30,25:46.0
8319,27,05:48.0
8319,22,40:31.0
8319,22,15:06.0
8319,25,27:47.0
8319,23,44:26.0
8319,18,52:52.0
8319,20,35:15.0
8319,28,48:38.0
8319,26,28:06.0
8319,23,34:01.0
8319,28,45:34.0
8319,30,34:29.0
8319,34,50:36.0
8319,30,25:15.0
8319,30,48:37.0
8319,29,54:31.0
8319,27,38:21.0
8319,32,39:18.0
8319,30,00:30.0
8319,26,09:55.0
8319,29,43:53.0
8319,32,38:59.0
8319,27,42:42.0
8319,20,19:43.0
8319,24,25:28.0
8319,16,10:22.0
8319,26,25:52.0
8319,25,53:47.0
8319,21,24:40.0
8319,30,12:32.0
8319,26,33:48.0
8319,23,48:21.0
8319,30,24:45.0
8319,26,21:04.0
8319,28,30:24.0
8319,27,25:53.0
8319,29,05:24.0
8319,31,19:09.0
8319,29,15:05.0
8319,25.5,18:47.0
8319,25,26:49.0
8319,34,31:43.0
8319,32,15:47.0
8319,28,50:37.0
8319,16,22:22.0
8319,26,33:01.0
8319,20,10:34.0
8319,17,54:23.0
8319,25,01:31.0
8319,22,12:08.0
8319,31,46:32.0
8319,26,14:02.0
8319,30,15:10.0
8319,33,47:39.0
8319,30,26:27.0
8319,27,24:00.0
8319,28,52:12.0
8319,35,28:20.0
8319,28,05:13.0
8319,33,32:45.0
8319,32,14:47.0
8319,28,22:55.0
8319,23,17:08.0
8319,21,24:53.0
8319,27,28:45.0
8319,25,28:42.0
8319,28,03:01.0
8319,37,17:04.0
8319,33,24:56.0
8319,38,49:22.0
8319,38,29:00.0
8319,38,18:34.0
8319,38,39:44.0
8319,25,03:21.0
8319,30,58:13.0
8319,28,22:44.0
8319,24,35:13.0
8319,24,45:06.0
8319,32,41:39.0
8319,36,22:26.0
8319,31,40:40.0
8319,34,02:16.0
8319,40,28:38.0
8319,38,36:40.0
8319,43,29:34.0
8319,40,23:45.0
8319,38,18:20.0
8319,38,20:15.0
8319,38,22:44.0
8319,39,39:29.0
8319,36,49:09.0
8319,38,24:37.0
8319,35,32:41.0
8319,32,22:49.0
8319,29,38:31.0
8319,36,29:37.0
8319,34,12:28.0
8319,32,33:09.0
8319,37,35:59.0
8319,33,48:18.0
8319,35,37:14.0
8319,42,54:20.0
8319,39,51:19.0
8319,44,24:01.0
8319,41,35:48.0
8319,38,20:50.0
8319,39,28:37.0
8319,34,43:54.0
8319,37,40:26.0
8319,41,00:06.0
8319,40,19:50.0
8319,38,25:49.0
8319,35,35:16.0
8319,24,35:42.0
8319,24,19:53.0
8319,31,32:08.0
8319,36,31:34.0
8319,30,25:12.0
8319,35,15:44.0
8319,42,02:00.0
8319,42,38:20.0
8319,36,59:47.0
8319,40,47:02.0
8319,36,28:59.0
8319,38,06:36.0
8319,40,44:10.0
8319,40,07:29.0
8319,32,06:30.0
8319,41,20:19.0
8319,37,27:06.0
8319,39,36:22.0
8319,40,21:15.0
8319,40,28:52.0
8319,35,09:31.0
8319,38,49:55.0
8319,40,20:02.0
8319,45,56:12.0
8319,41,23:13.0
8319,37,29:54.0
8319,37,34:59.0
8319,43,06:36.0
8319,36,45:53.0
8319,37,59:39.0
8319,37,23:42.0
8319,40,48:54.0
8319,40,32:36.0
8319,39,29:37.0
8319,36,56:07.0
8319,38,47:36.0
8319,43,40:15.0
8319,40,53:15.0
8319,40,08:48.0
8319,40,24:11.0
8319,37,22:58.0
8319,37,45:02.0
8319,42,36:33.0
8319,40,17:22.0
8319,35,45:41.0
8319,43,19:08.0
8319,37,11:29.0
8319,39,33:30.0
8319,43,48:18.0
8319,40,32:29.0
8319,40,19:54.0
8319,42,29:46.0
8319,39,31:59.0
8319,41,53:08.0
8319,47,31:56.0
8319,43,22:04.0
8319,38,35:41.0
8319,40,58:43.0
8319,42,33:05.0
8319,42,18:39.0
8319,41,06:57.0
8319,48,53:01.0
8319,43,22:59.0
8319,39,24:43.0
8319,39,21:30.0
8319,46,50:07.0
8319,43,01:00.0
8319,40,16:28.0
8319,37,18:02.0
8319,40,56:26.0
8319,44,16:51.0
8319,40,29:42.0
8319,46,00:04.0
8319,45,09:23.0
8319,42,28:05.0
8319,39,39:10.0
8319,40,30:01.0
8319,44,24:07.0
8319,43,26:06.0
8319,39,49:37.0
8319,44,08:26.0
8319,44,22:57.0
8319,34,57:41.0
8319,36,29:44.0
8319,36,32:30.0
8319,42,21:13.0
8319,43,30:47.0
8319,40,57:09.0
8319,40,25:32.0
8319,43,10:56.0
8319,41,56:13.0
8319,41,21:37.0
8319,42,21:40.0
8319,38,30:00.0
8319,41,41:34.0
8319,45,38:15.0
8319,41,40:58.0
8319,46,04:49.0
8319,44,24:18.0
8319,39,00:53.0
8319,41,45:30.0
8319,41,44:31.0
8319,42,40:20.0
8319,42,57:25.0
8319,39,25:16.0
8319,45,32:56.0
8319,42,14:59.0
8319,38,18:51.0
8319,40,57:18.0
8319,44,00:08.0
8319,39,03:44.0
8319,44,54:13.0
8319,42,22:12.0
8319,37,25:51.0
8319,43,24:10.0
8319,40,51:43.0
8319,42,29:42.0
8319,40,08:57.0
8319,46,10:45.0
8319,43,18:44.0
8319,41,15:40.0
8319,43,37:01.0
8319,40,09:43.0
8319,40,40:34.0
8319,43,15:15.0
8319,38,33:07.0
8319,44,11:00.0
8319,38,12:06.0
8319,44,30:05.0
8319,40,33:43.0
8319,47,45:49.0
8319,48,29:28.0
8319,45,20:17.0
8319,46,00:05.0
8319,42,25:10.0
8319,38,55:17.0
8319,46,00:27.0
8319,48,32:35.0
8319,44,26:59.0
8319,42,46:03.0
8319,47,34:25.0
8319,44,25:08.0
8319,44,25:08.0
8319,40,30:37.0
8319,46,34:15.0
8319,44,21:28.0
8319,41,46:43.0
8319,44,28:10.0
8319,40,47:31.0
8319,46,00:27.0
8319,41,13:04.0
8319,47,24:46.0
8319,44,24:45.0
8319,39,30:26.0
8319,39,22:55.0
8319,39,22:55.0
8319,47,31:31.0
8319,42,26:14.0
8319,42,56:46.0
8319,42,56:46.0
8319,47,24:32.0
8319,41,42:22.0
8319,41,09:56.0
8319,45,33:45.0
8319,45,49:14.0
8319,47,44:17.0
8319,45,29:49.0
8319,40,30:14.0
8319,40,26:33.0
8319,45,30:46.0
8319,42,49:44.0
8319,47,01:06.0
8319,44,24:37.0
8319,44,24:37.0
8319,41,22:44.0
8319,44,19:47.0
8319,42,43:15.0
8319,48,51:49.0
8319,47,05:14.0
8319,41,51:34.0
8319,47,18:20.0
8319,44,23:56.0
8319,39,23:28.0
8319,41,35:38.0
8319,48,25:46.0
8319,45,43:16.0
8319,43,49:12.0
8319,43,49:12.0
8319,43,37:57.0
8319,44,25:09.0
8319,44,25:09.0
8319,39,29:10.0
8319,42,32:45.0
8319,42,32:45.0
8319,44,28:31.0
8319,44,28:31.0
8319,44,16:27.0
8319,42,23:29.0
8319,47,32:19.0
8319,44,37:45.0
8319,39,52:04.0
8319,43,13:22.0
8319,50,13:56.0
8319,44,38:49.0
8319,41,07:57.0
8319,43,24:31.0
8319,40,48:38.0
8319,41,30:46.0
8319,47,26:45.0
8319,44,19:42.0
8319,40,26:31.0
8319,44,25:19.0
8319,40,41:27.0
8319,45,36:45.0
8319,42,24:20.0
8319,50,47:18.0
8319,51,32:26.0
8319,42,29:32.0
8319,43,43:34.0
8319,43,43:34.0
8319,50,29:54.0
8319,48,13:38.0
8319,47,28:30.0
8319,42,17:49.0
8319,45,24:35.0
8319,47,51:33.0
8319,41,29:57.0
8319,41,34:51.0
8319,47,40:45.0
8319,48,07:26.0
8319,41,49:48.0
8319,42,14:24.0
8319,50,19:41.0
8319,44,40:09.0
8319,50,23:16.0
8319,47,23:15.0
8319,44,29:43.0
8319,42,14:28.0
8319,42,34:07.0
8319,43,27:00.0
8319,43,27:00.0
8319,50,29:10.0
8319,43,42:11.0
8319,49,26:02.0
8319,44,28:08.0
8319,42,27:31.0
8319,46,28:50.0
8319,41,30:36.0
8319,48,31:43.0
8319,41,09:38.0
8319,48,30:57.0
8319,44,23:16.0
8319,41,28:21.0
8319,46,27:55.0
8319,46,16:33.0
8319,45,24:22.0
8319,42,15:22.0
8319,44,22:22.0
8319,48,31:41.0
8319,43,34:36.0
8319,49,23:18.0
8319,47,22:44.0
8319,42,18:07.0
8319,50,05:48.0
8319,42,45:38.0
8319,49,48:50.0
8319,50,25:30.0
8319,52,01:46.0
8319,51,27:36.0
8319,44,41:29.0
8319,48,02:14.0
8319,46,27:08.0
8319,42,40:13.0
8319,43,31:08.0
8319,49,15:53.0
8319,45,24:24.0
8319,42,32:56.0
8319,52,38:19.0
8319,46,25:20.0
8319,43,59:41.0
8319,45,53:28.0
8319,45,53:28.0
8319,48,08:18.0
8319,41,01:10.0
8319,43,31:17.0
8319,48,38:25.0
8319,45,09:20.0
8319,42,11:55.0
8319,43,21:33.0
8319,49,35:00.0
8319,48,20:44.0
8319,43,10:10.0
8319,45,18:25.0
8319,49,01:13.0
8319,48,26:00.0
8319,43,44:43.0
8319,44,35:32.0
8319,41,39:33.0
8319,43,47:10.0
8319,48,45:50.0
8319,44,21:54.0
8319,40,16:16.0
8319,44,40:02.0
8319,48,21:53.0
8319,47,23:17.0
8319,42,48:24.0
8319,44,23:12.0
8319,44,26:41.0
8319,50,29:18.0
8319,45,18:13.0
8319,43,29:55.0
8319,45,53:57.0
8319,40,27:27.0
8319,40,27:27.0
8319,44,48:35.0
8319,47,44:44.0
8319,43,30:34.0
8319,43,30:34.0
8319,40,24:27.0
8319,44,24:52.0
8319,44,24:52.0
8319,40,28:20.0
8319,52,12:16.0
8319,48,03:44.0
8319,44,37:47.0
8319,44,28:24.0
8319,46,26:34.0
8319,46,26:34.0
8319,42,31:30.0
8319,48,21:34.0
8319,45,59:46.0
8319,52,28:40.0
8319,46,21:28.0
8319,42,26:45.0
8319,43,37:35.0
8319,47,06:42.0
8319,43,24:50.0
8319,43,24:50.0
8319,42,29:54.0
8319,42,29:54.0
8319,48,19:23.0
8319,41,01:49.0
8319,43,35:05.0
8319,47,23:32.0
8319,44,20:18.0
8319,44,20:18.0
8319,42,02:41.0
8319,43,24:04.0
8319,43,24:04.0
8319,50,43:49.0
8319,46,24:28.0
8319,42,01:55.0
8319,43,17:00.0
8319,43,20:02.0
8319,44,43:23.0
8319,47,35:54.0
8319,46,41:48.0
8319,50,22:39.0
8319,44,26:13.0
8319,42,24:13.0
8319,43,37:15.0
8319,49,51:03.0
8319,45,36:52.0
8319,45,36:52.0
8319,44,43:21.0
8319,45,30:41.0
8319,45,30:41.0
8319,49,39:44.0
8319,40,02:24.0
8319,42,37:21.0
8319,46,38:41.0
8319,43,37:38.0
8319,44,30:49.0
8319,44,30:49.0
8319,50,43:13.0
8319,44,28:39.0
8319,42,41:36.0
8319,43,28:11.0
8319,43,28:11.0
8319,49,31:57.0
8319,42,24:36.0
8319,48,52:57.0
8319,44,45:49.0
8319,44,45:49.0
8319,49,02:07.0
8319,42,26:14.0
8319,49,34:11.0
8319,44,22:02.0
8319,41,05:21.0
8319,43,58:44.0
8319,46,37:32.0
8319,43,19:44.0
8319,45,21:06.0
8319,42,10:17.0
8319,42,02:42.0
8319,42,02:42.0
8319,48,51:12.0
8319,43,39:12.0
8319,45,22:25.0
8319,41,47:12.0
8319,46,02:07.0
8319,49,55:13.0
8319,44,27:30.0
8319,41,31:16.0
8319,39,24:13.0
8319,39,24:13.0
8319,38,52:49.0
8319,44,50:37.0
8319,44,50:37.0
8319,42,37:44.0
8319,45,44:30.0
8319,49,42:01.0
8319,42,20:12.0
8319,50,03:12.0
8319,45,11:21.0
8319,46,29:44.0
8319,42,58:35.0
8319,47,22:41.0
8319,47,22:41.0
8319,44,24:32.0
8319,49,04:48.0
8319,40,11:23.0
8319,40,51:03.0
8319,46,56:50.0
8319,43,20:58.0
8319,41,05:46.0
8319,41,51:39.0
8319,43,37:00.0
8319,48,30:44.0
8319,42,24:03.0
8319,40,15:44.0
8319,42,32:05.0
8319,42,31:15.0
8319,40,43:04.0
8319,40,43:04.0
8319,42,54:23.0
8319,42,54:23.0
8319,46,20:07.0
8319,44,26:48.0
8319,44,16:45.0
8319,42,52:52.0
8319,43,55:01.0
8319,45,15:28.0
8319,45,15:28.0
8319,42,54:10.0
8319,45,42:39.0
8319,49,30:17.0
8319,48,24:33.0
8319,44,05:51.0
8319,48,52:41.0
8319,43,28:05.0
8319,43,58:44.0
8319,46,37:32.0
8319,44,20:50.0
8319,42,22:21.0
8319,46,46:58.0
8319,44,33:56.0
8319,50,04:13.0
8319,41,57:31.0
8319,43,43:26.0
8319,43,41:55.0
8319,46,33:28.0
8319,46,33:28.0
8319,42,50:42.0
8319,42,50:42.0
8319,46,01:43.0
8319,41,17:08.0
8319,41,17:08.0
8319,39,11:52.0
8319,42,03:10.0
8319,47,59:51.0
8319,39,05:48.0
8319,41,41:16.0
8319,47,41:14.0
8319,47,26:03.0
8319,43,11:48.0
8319,45,47:38.0
8319,45,47:38.0
8319,51,47:05.0
8319,44,26:32.0
8319,44,26:32.0
8319,44,22:30.0
8319,44,02:02.0
8319,50,00:33.0
8319,46,00:37.0
8319,44,36:59.0
8319,41,27:45.0
8319,41,22:51.0
8319,41,22:51.0
8319,46,41:25.0
8319,40,38:48.0
8319,47,15:26.0
8319,50,04:54.0
8319,46,23:47.0
8319,43,12:21.0
8319,43,24:56.0
8319,43,19:49.0
8319,41,31:18.0
8319,46,57:27.0
8319,43,45:58.0
8319,39,42:40.0
8319,44,51:50.0
8319,49,47:51.0
8319,47,06:50.0
8319,51,12:24.0
8319,41,54:16.0
8319,41,54:16.0
8319,46,17:52.0
8319,43,11:52.0
8319,40,46:31.0
8319,40,07:05.0
8319,48,20:38.0
8319,41,20:38.0
8319,48,31:15.0
8319,48,31:15.0
8319,45,00:19.0
8319,40,17:07.0
8319,41,16:24.0
8319,43,32:22.0
8319,43,32:22.0
8319,41,44:39.0
8319,42,39:59.0
8319,42,39:25.0
8319,42,39:25.0
8319,47,30:16.0
8319,47,32:34.0
8319,45,10:32.0
8319,40,02:03.0
8319,38,23:12.0
8319,42,26:36.0
8319,39,29:55.0
8319,39,22:17.0
8319,46,47:34.0
8319,44,34:30.0
8319,41,31:18.0
8319,44,35:03.0
8319,42,11:03.0
8319,44,36:18.0
8319,43,52:07.0
8319,45,55:27.0
8319,50,17:05.0
8319,47,21:59.0
8319,42,11:11.0
8319,42,21:49.0
8319,44,26:43.0
8319,44,26:43.0
8319,44,47:50.0
8319,40,18:05.0
8319,37,18:16.0
8319,38,52:48.0
8319,44,12:58.0
8319,40,03:57.0
8319,48,43:55.0
8319,41,43:26.0
8319,41,43:26.0
8319,44,27:04.0
8319,40,41:32.0
8319,46,54:48.0
8319,42,25:51.0
8319,42,19:59.0
8319,44,29:17.0
8319,39,14:09.0
8319,40,30:10.0
8319,44,41:30.0
8319,38,38:32.0
8319,46,58:50.0
8319,42,37:06.0
8319,38,47:31.0
8319,38,14:36.0
8319,40,06:45.0
8319,47,22:08.0
8319,41,21:01.0
8319,46,33:28.0
8319,42,34:30.0
8319,38,26:45.0
8319,41,20:38.0
8319,48,31:56.0
8319,45,32:01.0
8319,47,04:58.0
8319,38,41:22.0
8319,45,44:46.0
8319,40,23:52.0
8319,38,05:21.0
8319,44,22:39.0
8319,44,22:39.0
8319,41,10:33.0
8319,40,16:05.0
8319,37,24:12.0
8319,38,11:50.0
8319,44,34:12.0
8319,40,31:26.0
8319,40,05:01.0
8319,42,23:52.0
8319,42,23:32.0
8319,39,24:04.0
8319,40,42:34.0
8319,46,48:14.0
8319,40,52:56.0
8319,46,19:44.0
8319,45,35:26.0
8319,45,35:26.0
8319,40,03:53.0
8319,41,04:29.0
8319,45,29:18.0
8319,38,57:54.0
8319,43,26:38.0
8319,40,25:33.0
8319,35,54:22.0
8319,36,55:27.0
8319,36,42:20.0
8319,38,41:10.0
8319,44,33:53.0
8319,40,27:16.0
8319,40,27:16.0
8319,38,33:26.0
8319,36,33:30.0
8319,42,53:57.0
8319,40,12:40.0
8319,37,19:21.0
8319,40,32:58.0
8319,40,32:58.0
8319,37,53:26.0
8319,37,36:56.0
8319,36,15:35.0
8319,37,31:00.0
8319,42,49:38.0
8319,38,26:22.0
8319,38,26:22.0
8319,37,17:27.0
8319,37,50:04.0
8319,42,40:50.0
8319,40,31:23.0
8319,37,52:20.0
8319,36,54:40.0
8319,36,54:40.0
8319,41,02:58.0
8319,46,54:08.0
8319,43,44:24.0
8319,39,33:15.0
8319,42,42:58.0
8319,45,08:18.0
8319,40,24:16.0
8319,36,49:44.0
8319,39,45:08.0
8319,39,45:08.0
8319,42,17:58.0
8319,37,12:47.0
8319,43,55:32.0
8319,40,22:56.0
8319,37,12:50.0
8319,40,24:48.0
8319,35,13:38.0
8319,37,28:03.0
8319,40,39:36.0
8319,38,29:58.0
8319,38,29:58.0
8319,40,21:27.0
8319,40,20:02.0
8319,37,25:34.0
8319,37,25:34.0
8319,43,23:58.0
8319,38,27:53.0
8319,38,27:53.0
8319,38,27:53.0
8319,35,40:59.0
8319,35,00:17.0
8319,44,39:00.0
8319,37,41:21.0
8319,42,16:14.0
8319,42,16:14.0
8319,38,26:47.0
8319,38,21:14.0
8319,34,28:28.0
8319,34,28:28.0
8319,38,52:09.0
8319,40,05:25.0
8319,34,35:40.0
8319,39,24:04.0
8319,35,24:28.0
8319,39,42:30.0
8319,44,26:54.0
8319,42,23:44.0
8319,38,10:52.0
8319,41,32:11.0
8319,41,32:11.0
8319,38,08:18.0
8319,40,17:49.0
8319,36,23:51.0
8319,36,46:42.0
8319,43,33:13.0
8319,37,46:04.0
8319,37,46:04.0
8319,42,20:56.0
8319,37,44:31.0
8319,34,27:10.0
8319,34,19:46.0
8319,38,41:36.0
8319,38,11:23.0
8319,38,11:23.0
8319,38,11:23.0
8319,35,33:37.0
8319,35,09:58.0
8319,35,33:37.0
8319,35,09:58.0
8319,35,01:30.0
8319,33,40:10.0
8319,38,34:18.0
8319,37,23:31.0
8319,34,17:17.0
8319,30,40:10.0
8319,30,40:10.0
8319,35,21:49.0
8319,33,26:25.0
8319,32,14:16.0
8319,32,25:20.0
8319,37,00:06.0
8319,34,03:39.0
8319,34,01:40.0
8319,40,24:23.0
8319,34,10:16.0
8319,36,07:03.0
8319,34,14:30.0
8319,35,43:24.0
8319,39,47:28.0
8319,36,24:58.0
8319,36,22:44.0
8319,34,35:34.0
8319,37,29:12.0
8319,33,00:37.0
8319,37,42:36.0
8319,36,24:15.0
8319,31,18:16.0
8319,35,33:57.0
8319,33,42:40.0
8319,36,25:39.0
8319,33,33:34.0
8319,30,23:03.0
8319,30,26:01.0
8319,38,21:30.0
8319,34,34:55.0
8319,38,38:33.0
8319,34,34:50.0
8319,34,34:50.0
8319,39,20:47.0
8319,36,30:21.0
8319,33,17:12.0
8319,33,17:43.0
8319,33,17:43.0
8319,31,21:46.0
8319,36,32:54.0
8319,33,23:24.0
8319,33,52:20.0
8319,31,32:59.0
8319,33,28:19.0
8319,34,44:16.0
8319,32,26:50.0
8319,32,25:59.0
8319,31,26:12.0
8319,30,44:07.0
8319,38,22:03.0
8319,38,22:03.0
8319,34,22:10.0
8319,34,32:22.0
8319,34,32:22.0
8319,38,16:52.0
8319,35,39:38.0
8319,32,23:01.0
8319,32,32:54.0
8319,32,32:54.0
8319,34,13:09.0
8319,34,48:27.0
8319,38,59:42.0
8319,31,49:40.0
8319,36,27:59.0
8319,34,27:26.0
8319,31,17:41.0
8319,30,09:39.0
8319,35,44:45.0
8319,33,25:08.0
8319,32,48:23.0
8319,38,29:28.0
8319,36,29:14.0
8319,36,18:02.0
8319,35,36:07.0
8319,36,53:31.0
8319,33,58:35.0
8319,33,51:13.0
8319,32,28:55.0
8319,30,58:16.0
8319,30,46:26.0
8319,35,43:44.0
8319,35,27:26.0
8319,30,15:19.0
8319,31,53:43.0
8319,35,36:16.0
8319,32,03:14.0
8319,30,50:37.0
8319,27,52:58.0
8319,30,15:30.0
8319,26,04:17.0
8319,32,26:50.0
8319,28,34:47.0
8319,28,49:36.0
8319,33,59:02.0
8319,28,49:36.0
8319,33,59:02.0
8319,31,41:04.0
8319,30,55:09.0
8319,30,32:15.0
8319,33,28:55.0
8319,30,35:12.0
8319,35,52:49.0
8319,33,48:04.0
8319,30,44:28.0
8319,33,32:47.0
8319,36,47:27.0
8319,34,05:58.0
8319,30,59:27.0
8319,38,26:04.0
8319,34,05:25.0
8319,26,20:22.0
8319,30,22:50.0
8319,30,11:17.0
8319,29,07:41.0
8319,30,30:06.0
8319,28,11:59.0
8319,38,49:22.0
8319,30,32:37.0
8319,28,07:09.0
8319,32,41:09.0
8319,34,42:53.0
8319,36,41:03.0
8319,33,12:32.0
8319,30,15:16.0
8319,32,09:27.0
8319,35,06:22.0
8319,33,08:07.0
8319,28,49:50.0
8319,33,36:14.0
8319,31,55:45.0
8319,28,46:21.0
8319,33,22:18.0
8319,31,06:34.0
8319,27,19:13.0
8319,31,26:33.0
8319,30,09:20.0
8319,30,42:17.0
8319,33,25:22.0
8319,30,25:16.0
8319,33,40:12.0
8319,31,19:24.0
8319,27,18:24.0
8319,30,43:31.0
8319,30,04:27.0
8319,26,33:56.0
8319,23,14:15.0
8319,30,57:04.0
8319,33,51:21.0
8319,30,26:30.0
8319,34,28:57.0
8319,29,10:08.0
8319,35,57:32.0
8319,33,30:21.0
8319,30,57:03.0
8319,34,50:59.0
8319,30,49:20.0
8319,27,37:55.0
8319,38,08:28.0
8319,31,04:21.0
8319,27,52:09.0
8319,34,25:46.0
8319,32,10:31.0
